class	path
org.apache.commons.configuration2.builder.fluent.PropertiesBuilderParameters	/home/nima/Desktop/taint-docker/table4/annotator/commons-configuration/src/main/java/org/apache/commons/configuration2/builder/fluent/PropertiesBuilderParameters.java
org.apache.commons.configuration2.builder.BasicBuilderProperties	/home/nima/Desktop/taint-docker/table4/annotator/commons-configuration/src/main/java/org/apache/commons/configuration2/builder/BasicBuilderProperties.java
org.apache.commons.configuration2.builder.FileBasedBuilderProperties	/home/nima/Desktop/taint-docker/table4/annotator/commons-configuration/src/main/java/org/apache/commons/configuration2/builder/FileBasedBuilderProperties.java
org.apache.commons.configuration2.PropertiesConfiguration	/home/nima/Desktop/taint-docker/table4/annotator/commons-configuration/src/main/java/org/apache/commons/configuration2/PropertiesConfiguration.java
org.apache.commons.configuration2.PropertiesConfiguration$DefaultIOFactory	/home/nima/Desktop/taint-docker/table4/annotator/commons-configuration/src/main/java/org/apache/commons/configuration2/PropertiesConfiguration.java
org.apache.commons.configuration2.PropertiesConfiguration$IOFactory	/home/nima/Desktop/taint-docker/table4/annotator/commons-configuration/src/main/java/org/apache/commons/configuration2/PropertiesConfiguration.java
org.apache.commons.configuration2.PropertiesConfiguration$JupIOFactory	/home/nima/Desktop/taint-docker/table4/annotator/commons-configuration/src/main/java/org/apache/commons/configuration2/PropertiesConfiguration.java
org.apache.commons.configuration2.PropertiesConfiguration$JupPropertiesReader	/home/nima/Desktop/taint-docker/table4/annotator/commons-configuration/src/main/java/org/apache/commons/configuration2/PropertiesConfiguration.java
org.apache.commons.configuration2.PropertiesConfiguration$JupPropertiesWriter	/home/nima/Desktop/taint-docker/table4/annotator/commons-configuration/src/main/java/org/apache/commons/configuration2/PropertiesConfiguration.java
org.apache.commons.configuration2.PropertiesConfiguration$PropertiesReader	/home/nima/Desktop/taint-docker/table4/annotator/commons-configuration/src/main/java/org/apache/commons/configuration2/PropertiesConfiguration.java
org.apache.commons.configuration2.PropertiesConfiguration$PropertiesWriter	/home/nima/Desktop/taint-docker/table4/annotator/commons-configuration/src/main/java/org/apache/commons/configuration2/PropertiesConfiguration.java
org.apache.commons.configuration2.builder.PropertiesBuilderProperties	/home/nima/Desktop/taint-docker/table4/annotator/commons-configuration/src/main/java/org/apache/commons/configuration2/builder/PropertiesBuilderProperties.java
org.apache.commons.configuration2.BaseConfiguration	/home/nima/Desktop/taint-docker/table4/annotator/commons-configuration/src/main/java/org/apache/commons/configuration2/BaseConfiguration.java
org.apache.commons.configuration2.AbstractConfiguration	/home/nima/Desktop/taint-docker/table4/annotator/commons-configuration/src/main/java/org/apache/commons/configuration2/AbstractConfiguration.java
org.apache.commons.configuration2.event.BaseEventSource	/home/nima/Desktop/taint-docker/table4/annotator/commons-configuration/src/main/java/org/apache/commons/configuration2/event/BaseEventSource.java
org.apache.commons.configuration2.event.EventSource	/home/nima/Desktop/taint-docker/table4/annotator/commons-configuration/src/main/java/org/apache/commons/configuration2/event/EventSource.java
org.apache.commons.configuration2.Configuration	/home/nima/Desktop/taint-docker/table4/annotator/commons-configuration/src/main/java/org/apache/commons/configuration2/Configuration.java
org.apache.commons.configuration2.ImmutableConfiguration	/home/nima/Desktop/taint-docker/table4/annotator/commons-configuration/src/main/java/org/apache/commons/configuration2/ImmutableConfiguration.java
org.apache.commons.configuration2.sync.SynchronizerSupport	/home/nima/Desktop/taint-docker/table4/annotator/commons-configuration/src/main/java/org/apache/commons/configuration2/sync/SynchronizerSupport.java
org.apache.commons.configuration2.FileBasedConfiguration	/home/nima/Desktop/taint-docker/table4/annotator/commons-configuration/src/main/java/org/apache/commons/configuration2/FileBasedConfiguration.java
org.apache.commons.configuration2.io.FileBased	/home/nima/Desktop/taint-docker/table4/annotator/commons-configuration/src/main/java/org/apache/commons/configuration2/io/FileBased.java
org.apache.commons.configuration2.io.FileLocatorAware	/home/nima/Desktop/taint-docker/table4/annotator/commons-configuration/src/main/java/org/apache/commons/configuration2/io/FileLocatorAware.java
org.apache.commons.configuration2.builder.BuilderParameters	/home/nima/Desktop/taint-docker/table4/annotator/commons-configuration/src/main/java/org/apache/commons/configuration2/builder/BuilderParameters.java
org.apache.commons.configuration2.io.ConfigurationLogger	/home/nima/Desktop/taint-docker/table4/annotator/commons-configuration/src/main/java/org/apache/commons/configuration2/io/ConfigurationLogger.java
org.apache.commons.configuration2.convert.ListDelimiterHandler	/home/nima/Desktop/taint-docker/table4/annotator/commons-configuration/src/main/java/org/apache/commons/configuration2/convert/ListDelimiterHandler.java
org.apache.commons.configuration2.interpol.ConfigurationInterpolator	/home/nima/Desktop/taint-docker/table4/annotator/commons-configuration/src/main/java/org/apache/commons/configuration2/interpol/ConfigurationInterpolator.java
org.apache.commons.configuration2.interpol.ConfigurationInterpolator$DefaultPrefixLookupsHolder	/home/nima/Desktop/taint-docker/table4/annotator/commons-configuration/src/main/java/org/apache/commons/configuration2/interpol/ConfigurationInterpolator.java
org.apache.commons.configuration2.interpol.ConfigurationInterpolator$DefaultStringConverter	/home/nima/Desktop/taint-docker/table4/annotator/commons-configuration/src/main/java/org/apache/commons/configuration2/interpol/ConfigurationInterpolator.java
org.apache.commons.configuration2.interpol.Lookup	/home/nima/Desktop/taint-docker/table4/annotator/commons-configuration/src/main/java/org/apache/commons/configuration2/interpol/Lookup.java
org.apache.commons.configuration2.sync.Synchronizer	/home/nima/Desktop/taint-docker/table4/annotator/commons-configuration/src/main/java/org/apache/commons/configuration2/sync/Synchronizer.java
org.apache.commons.configuration2.convert.ConversionHandler	/home/nima/Desktop/taint-docker/table4/annotator/commons-configuration/src/main/java/org/apache/commons/configuration2/convert/ConversionHandler.java
org.apache.commons.configuration2.ConfigurationDecoder	/home/nima/Desktop/taint-docker/table4/annotator/commons-configuration/src/main/java/org/apache/commons/configuration2/ConfigurationDecoder.java
org.apache.commons.configuration2.beanutils.BeanHelper	/home/nima/Desktop/taint-docker/table4/annotator/commons-configuration/src/main/java/org/apache/commons/configuration2/beanutils/BeanHelper.java
org.apache.commons.configuration2.beanutils.BeanHelper$BeanCreationContextImpl	/home/nima/Desktop/taint-docker/table4/annotator/commons-configuration/src/main/java/org/apache/commons/configuration2/beanutils/BeanHelper.java
org.apache.commons.configuration2.beanutils.BeanFactory	/home/nima/Desktop/taint-docker/table4/annotator/commons-configuration/src/main/java/org/apache/commons/configuration2/beanutils/BeanFactory.java
org.apache.commons.configuration2.beanutils.BeanDeclaration	/home/nima/Desktop/taint-docker/table4/annotator/commons-configuration/src/main/java/org/apache/commons/configuration2/beanutils/BeanDeclaration.java
org.apache.commons.configuration2.beanutils.BeanCreationContext	/home/nima/Desktop/taint-docker/table4/annotator/commons-configuration/src/main/java/org/apache/commons/configuration2/beanutils/BeanCreationContext.java
org.apache.commons.configuration2.beanutils.ConstructorArg	/home/nima/Desktop/taint-docker/table4/annotator/commons-configuration/src/main/java/org/apache/commons/configuration2/beanutils/ConstructorArg.java
org.apache.commons.configuration2.interpol.InterpolatorSpecification	/home/nima/Desktop/taint-docker/table4/annotator/commons-configuration/src/main/java/org/apache/commons/configuration2/interpol/InterpolatorSpecification.java
org.apache.commons.configuration2.interpol.InterpolatorSpecification$Builder	/home/nima/Desktop/taint-docker/table4/annotator/commons-configuration/src/main/java/org/apache/commons/configuration2/interpol/InterpolatorSpecification.java
org.apache.commons.configuration2.convert.ValueTransformer	/home/nima/Desktop/taint-docker/table4/annotator/commons-configuration/src/main/java/org/apache/commons/configuration2/convert/ValueTransformer.java
org.apache.commons.configuration2.io.FileSystem	/home/nima/Desktop/taint-docker/table4/annotator/commons-configuration/src/main/java/org/apache/commons/configuration2/io/FileSystem.java
org.apache.commons.configuration2.io.FileLocationStrategy	/home/nima/Desktop/taint-docker/table4/annotator/commons-configuration/src/main/java/org/apache/commons/configuration2/io/FileLocationStrategy.java
org.apache.commons.configuration2.builder.ReloadingDetectorFactory	/home/nima/Desktop/taint-docker/table4/annotator/commons-configuration/src/main/java/org/apache/commons/configuration2/builder/ReloadingDetectorFactory.java
org.apache.commons.configuration2.io.URLConnectionOptions	/home/nima/Desktop/taint-docker/table4/annotator/commons-configuration/src/main/java/org/apache/commons/configuration2/io/URLConnectionOptions.java
org.apache.commons.configuration2.io.FileLocator	/home/nima/Desktop/taint-docker/table4/annotator/commons-configuration/src/main/java/org/apache/commons/configuration2/io/FileLocator.java
org.apache.commons.configuration2.io.FileLocator$FileLocatorBuilder	/home/nima/Desktop/taint-docker/table4/annotator/commons-configuration/src/main/java/org/apache/commons/configuration2/io/FileLocator.java
org.apache.commons.configuration2.io.FileHandler	/home/nima/Desktop/taint-docker/table4/annotator/commons-configuration/src/main/java/org/apache/commons/configuration2/io/FileHandler.java
org.apache.commons.configuration2.io.FileHandler$Updater	/home/nima/Desktop/taint-docker/table4/annotator/commons-configuration/src/main/java/org/apache/commons/configuration2/io/FileHandler.java
org.apache.commons.configuration2.io.FileHandler$1	/home/nima/Desktop/taint-docker/table4/annotator/commons-configuration/src/main/java/org/apache/commons/configuration2/io/FileHandler.java
org.apache.commons.configuration2.io.FileHandler$2	/home/nima/Desktop/taint-docker/table4/annotator/commons-configuration/src/main/java/org/apache/commons/configuration2/io/FileHandler.java
org.apache.commons.configuration2.io.FileHandler$3	/home/nima/Desktop/taint-docker/table4/annotator/commons-configuration/src/main/java/org/apache/commons/configuration2/io/FileHandler.java
org.apache.commons.configuration2.io.FileHandler$4	/home/nima/Desktop/taint-docker/table4/annotator/commons-configuration/src/main/java/org/apache/commons/configuration2/io/FileHandler.java
org.apache.commons.configuration2.io.FileHandler$5	/home/nima/Desktop/taint-docker/table4/annotator/commons-configuration/src/main/java/org/apache/commons/configuration2/io/FileHandler.java
org.apache.commons.configuration2.io.FileHandler$6	/home/nima/Desktop/taint-docker/table4/annotator/commons-configuration/src/main/java/org/apache/commons/configuration2/io/FileHandler.java
org.apache.commons.configuration2.io.FileHandler$7	/home/nima/Desktop/taint-docker/table4/annotator/commons-configuration/src/main/java/org/apache/commons/configuration2/io/FileHandler.java
org.apache.commons.configuration2.io.FileHandler$8	/home/nima/Desktop/taint-docker/table4/annotator/commons-configuration/src/main/java/org/apache/commons/configuration2/io/FileHandler.java
org.apache.commons.configuration2.io.FileHandler$9	/home/nima/Desktop/taint-docker/table4/annotator/commons-configuration/src/main/java/org/apache/commons/configuration2/io/FileHandler.java
org.apache.commons.configuration2.builder.FileBasedBuilderParametersImpl	/home/nima/Desktop/taint-docker/table4/annotator/commons-configuration/src/main/java/org/apache/commons/configuration2/builder/FileBasedBuilderParametersImpl.java
org.apache.commons.configuration2.builder.BasicBuilderParameters	/home/nima/Desktop/taint-docker/table4/annotator/commons-configuration/src/main/java/org/apache/commons/configuration2/builder/BasicBuilderParameters.java
org.apache.commons.configuration2.reloading.ReloadingDetector	/home/nima/Desktop/taint-docker/table4/annotator/commons-configuration/src/main/java/org/apache/commons/configuration2/reloading/ReloadingDetector.java
org.apache.commons.configuration2.ex.ConfigurationException	/home/nima/Desktop/taint-docker/table4/annotator/commons-configuration/src/main/java/org/apache/commons/configuration2/ex/ConfigurationException.java
org.apache.commons.configuration2.io.FileHandlerListener	/home/nima/Desktop/taint-docker/table4/annotator/commons-configuration/src/main/java/org/apache/commons/configuration2/io/FileHandlerListener.java
org.apache.commons.configuration2.io.FileOptionsProvider	/home/nima/Desktop/taint-docker/table4/annotator/commons-configuration/src/main/java/org/apache/commons/configuration2/io/FileOptionsProvider.java
org.apache.commons.configuration2.ConfigurationConsumer	/home/nima/Desktop/taint-docker/table4/annotator/commons-configuration/src/main/java/org/apache/commons/configuration2/ConfigurationConsumer.java
org.apache.commons.configuration2.PropertiesConfigurationLayout	/home/nima/Desktop/taint-docker/table4/annotator/commons-configuration/src/main/java/org/apache/commons/configuration2/PropertiesConfigurationLayout.java
org.apache.commons.configuration2.PropertiesConfigurationLayout$PropertyLayoutData	/home/nima/Desktop/taint-docker/table4/annotator/commons-configuration/src/main/java/org/apache/commons/configuration2/PropertiesConfigurationLayout.java
org.apache.commons.configuration2.event.EventListener	/home/nima/Desktop/taint-docker/table4/annotator/commons-configuration/src/main/java/org/apache/commons/configuration2/event/EventListener.java
org.apache.commons.configuration2.event.ConfigurationEvent	/home/nima/Desktop/taint-docker/table4/annotator/commons-configuration/src/main/java/org/apache/commons/configuration2/event/ConfigurationEvent.java
org.apache.commons.configuration2.event.Event	/home/nima/Desktop/taint-docker/table4/annotator/commons-configuration/src/main/java/org/apache/commons/configuration2/event/Event.java
org.apache.commons.configuration2.event.EventType	/home/nima/Desktop/taint-docker/table4/annotator/commons-configuration/src/main/java/org/apache/commons/configuration2/event/EventType.java
org.apache.commons.configuration2.sync.LockMode	/home/nima/Desktop/taint-docker/table4/annotator/commons-configuration/src/main/java/org/apache/commons/configuration2/sync/LockMode.java
org.apache.commons.configuration2.event.EventListenerList	/home/nima/Desktop/taint-docker/table4/annotator/commons-configuration/src/main/java/org/apache/commons/configuration2/event/EventListenerList.java
org.apache.commons.configuration2.event.EventListenerList$EventListenerIterator	/home/nima/Desktop/taint-docker/table4/annotator/commons-configuration/src/main/java/org/apache/commons/configuration2/event/EventListenerList.java
org.apache.commons.configuration2.event.EventListenerRegistrationData	/home/nima/Desktop/taint-docker/table4/annotator/commons-configuration/src/main/java/org/apache/commons/configuration2/event/EventListenerRegistrationData.java
org.apache.commons.configuration2.event.ConfigurationErrorEvent	/home/nima/Desktop/taint-docker/table4/annotator/commons-configuration/src/main/java/org/apache/commons/configuration2/event/ConfigurationErrorEvent.java
org.apache.commons.configuration2.builder.DefaultParametersManager	/home/nima/Desktop/taint-docker/table4/annotator/commons-configuration/src/main/java/org/apache/commons/configuration2/builder/DefaultParametersManager.java
org.apache.commons.configuration2.builder.DefaultParametersManager$DefaultHandlerData	/home/nima/Desktop/taint-docker/table4/annotator/commons-configuration/src/main/java/org/apache/commons/configuration2/builder/DefaultParametersManager.java
org.apache.commons.configuration2.builder.DefaultParametersHandler	/home/nima/Desktop/taint-docker/table4/annotator/commons-configuration/src/main/java/org/apache/commons/configuration2/builder/DefaultParametersHandler.java
org.apache.commons.configuration2.PatternSubtreeConfigurationWrapper	/home/nima/Desktop/taint-docker/table4/annotator/commons-configuration/src/main/java/org/apache/commons/configuration2/PatternSubtreeConfigurationWrapper.java
org.apache.commons.configuration2.BaseHierarchicalConfiguration	/home/nima/Desktop/taint-docker/table4/annotator/commons-configuration/src/main/java/org/apache/commons/configuration2/BaseHierarchicalConfiguration.java
org.apache.commons.configuration2.BaseHierarchicalConfiguration$1	/home/nima/Desktop/taint-docker/table4/annotator/commons-configuration/src/main/java/org/apache/commons/configuration2/BaseHierarchicalConfiguration.java
org.apache.commons.configuration2.BaseHierarchicalConfiguration$BuilderVisitor	/home/nima/Desktop/taint-docker/table4/annotator/commons-configuration/src/main/java/org/apache/commons/configuration2/BaseHierarchicalConfiguration.java
org.apache.commons.configuration2.BaseHierarchicalConfiguration$InterpolatedVisitor	/home/nima/Desktop/taint-docker/table4/annotator/commons-configuration/src/main/java/org/apache/commons/configuration2/BaseHierarchicalConfiguration.java
org.apache.commons.configuration2.AbstractHierarchicalConfiguration	/home/nima/Desktop/taint-docker/table4/annotator/commons-configuration/src/main/java/org/apache/commons/configuration2/AbstractHierarchicalConfiguration.java
org.apache.commons.configuration2.AbstractHierarchicalConfiguration$DefinedVisitor	/home/nima/Desktop/taint-docker/table4/annotator/commons-configuration/src/main/java/org/apache/commons/configuration2/AbstractHierarchicalConfiguration.java
org.apache.commons.configuration2.AbstractHierarchicalConfiguration$DefinedKeysVisitor	/home/nima/Desktop/taint-docker/table4/annotator/commons-configuration/src/main/java/org/apache/commons/configuration2/AbstractHierarchicalConfiguration.java
org.apache.commons.configuration2.tree.NodeKeyResolver	/home/nima/Desktop/taint-docker/table4/annotator/commons-configuration/src/main/java/org/apache/commons/configuration2/tree/NodeKeyResolver.java
org.apache.commons.configuration2.HierarchicalConfiguration	/home/nima/Desktop/taint-docker/table4/annotator/commons-configuration/src/main/java/org/apache/commons/configuration2/HierarchicalConfiguration.java
org.apache.commons.configuration2.ImmutableHierarchicalConfiguration	/home/nima/Desktop/taint-docker/table4/annotator/commons-configuration/src/main/java/org/apache/commons/configuration2/ImmutableHierarchicalConfiguration.java
org.apache.commons.configuration2.tree.NodeModelSupport	/home/nima/Desktop/taint-docker/table4/annotator/commons-configuration/src/main/java/org/apache/commons/configuration2/tree/NodeModelSupport.java
org.apache.commons.configuration2.tree.InMemoryNodeModelSupport	/home/nima/Desktop/taint-docker/table4/annotator/commons-configuration/src/main/java/org/apache/commons/configuration2/tree/InMemoryNodeModelSupport.java
org.apache.commons.configuration2.tree.ImmutableNode	/home/nima/Desktop/taint-docker/table4/annotator/commons-configuration/src/main/java/org/apache/commons/configuration2/tree/ImmutableNode.java
org.apache.commons.configuration2.tree.ImmutableNode$Builder	/home/nima/Desktop/taint-docker/table4/annotator/commons-configuration/src/main/java/org/apache/commons/configuration2/tree/ImmutableNode.java
org.apache.commons.configuration2.tree.ExpressionEngine	/home/nima/Desktop/taint-docker/table4/annotator/commons-configuration/src/main/java/org/apache/commons/configuration2/tree/ExpressionEngine.java
org.apache.commons.configuration2.tree.NodeHandler	/home/nima/Desktop/taint-docker/table4/annotator/commons-configuration/src/main/java/org/apache/commons/configuration2/tree/NodeHandler.java
org.apache.commons.configuration2.tree.QueryResult	/home/nima/Desktop/taint-docker/table4/annotator/commons-configuration/src/main/java/org/apache/commons/configuration2/tree/QueryResult.java
org.apache.commons.configuration2.tree.NodeAddData	/home/nima/Desktop/taint-docker/table4/annotator/commons-configuration/src/main/java/org/apache/commons/configuration2/tree/NodeAddData.java
org.apache.commons.configuration2.tree.NodeMatcher	/home/nima/Desktop/taint-docker/table4/annotator/commons-configuration/src/main/java/org/apache/commons/configuration2/tree/NodeMatcher.java
org.apache.commons.configuration2.tree.NodeModel	/home/nima/Desktop/taint-docker/table4/annotator/commons-configuration/src/main/java/org/apache/commons/configuration2/tree/NodeModel.java
org.apache.commons.configuration2.tree.InMemoryNodeModel	/home/nima/Desktop/taint-docker/table4/annotator/commons-configuration/src/main/java/org/apache/commons/configuration2/tree/InMemoryNodeModel.java
org.apache.commons.configuration2.tree.InMemoryNodeModel$1	/home/nima/Desktop/taint-docker/table4/annotator/commons-configuration/src/main/java/org/apache/commons/configuration2/tree/InMemoryNodeModel.java
org.apache.commons.configuration2.tree.InMemoryNodeModel$TransactionInitializer	/home/nima/Desktop/taint-docker/table4/annotator/commons-configuration/src/main/java/org/apache/commons/configuration2/tree/InMemoryNodeModel.java
org.apache.commons.configuration2.tree.NodeSelector	/home/nima/Desktop/taint-docker/table4/annotator/commons-configuration/src/main/java/org/apache/commons/configuration2/tree/NodeSelector.java
org.apache.commons.configuration2.SubnodeConfiguration	/home/nima/Desktop/taint-docker/table4/annotator/commons-configuration/src/main/java/org/apache/commons/configuration2/SubnodeConfiguration.java
org.apache.commons.configuration2.tree.TrackedNodeModel	/home/nima/Desktop/taint-docker/table4/annotator/commons-configuration/src/main/java/org/apache/commons/configuration2/tree/TrackedNodeModel.java
org.apache.commons.configuration2.tree.TreeData	/home/nima/Desktop/taint-docker/table4/annotator/commons-configuration/src/main/java/org/apache/commons/configuration2/tree/TreeData.java
org.apache.commons.configuration2.tree.AbstractImmutableNodeHandler	/home/nima/Desktop/taint-docker/table4/annotator/commons-configuration/src/main/java/org/apache/commons/configuration2/tree/AbstractImmutableNodeHandler.java
org.apache.commons.configuration2.tree.ReferenceNodeHandler	/home/nima/Desktop/taint-docker/table4/annotator/commons-configuration/src/main/java/org/apache/commons/configuration2/tree/ReferenceNodeHandler.java
org.apache.commons.configuration2.tree.ModelTransaction	/home/nima/Desktop/taint-docker/table4/annotator/commons-configuration/src/main/java/org/apache/commons/configuration2/tree/ModelTransaction.java
org.apache.commons.configuration2.tree.ModelTransaction$1	/home/nima/Desktop/taint-docker/table4/annotator/commons-configuration/src/main/java/org/apache/commons/configuration2/tree/ModelTransaction.java
org.apache.commons.configuration2.tree.ModelTransaction$Operation	/home/nima/Desktop/taint-docker/table4/annotator/commons-configuration/src/main/java/org/apache/commons/configuration2/tree/ModelTransaction.java
org.apache.commons.configuration2.tree.ModelTransaction$ChildrenUpdateOperation	/home/nima/Desktop/taint-docker/table4/annotator/commons-configuration/src/main/java/org/apache/commons/configuration2/tree/ModelTransaction.java
org.apache.commons.configuration2.tree.ModelTransaction$AddAttributeOperation	/home/nima/Desktop/taint-docker/table4/annotator/commons-configuration/src/main/java/org/apache/commons/configuration2/tree/ModelTransaction.java
org.apache.commons.configuration2.tree.ModelTransaction$AddAttributesOperation	/home/nima/Desktop/taint-docker/table4/annotator/commons-configuration/src/main/java/org/apache/commons/configuration2/tree/ModelTransaction.java
org.apache.commons.configuration2.tree.ModelTransaction$RemoveAttributeOperation	/home/nima/Desktop/taint-docker/table4/annotator/commons-configuration/src/main/java/org/apache/commons/configuration2/tree/ModelTransaction.java
org.apache.commons.configuration2.tree.ModelTransaction$ChangeNodeValueOperation	/home/nima/Desktop/taint-docker/table4/annotator/commons-configuration/src/main/java/org/apache/commons/configuration2/tree/ModelTransaction.java
org.apache.commons.configuration2.tree.ModelTransaction$ChangeNodeNameOperation	/home/nima/Desktop/taint-docker/table4/annotator/commons-configuration/src/main/java/org/apache/commons/configuration2/tree/ModelTransaction.java
org.apache.commons.configuration2.tree.ModelTransaction$Operations	/home/nima/Desktop/taint-docker/table4/annotator/commons-configuration/src/main/java/org/apache/commons/configuration2/tree/ModelTransaction.java
org.apache.commons.configuration2.tree.NodeTracker	/home/nima/Desktop/taint-docker/table4/annotator/commons-configuration/src/main/java/org/apache/commons/configuration2/tree/NodeTracker.java
org.apache.commons.configuration2.tree.NodeTracker$TrackedNodeData	/home/nima/Desktop/taint-docker/table4/annotator/commons-configuration/src/main/java/org/apache/commons/configuration2/tree/NodeTracker.java
org.apache.commons.configuration2.tree.ReferenceTracker	/home/nima/Desktop/taint-docker/table4/annotator/commons-configuration/src/main/java/org/apache/commons/configuration2/tree/ReferenceTracker.java
org.apache.commons.configuration2.tree.NodeUpdateData	/home/nima/Desktop/taint-docker/table4/annotator/commons-configuration/src/main/java/org/apache/commons/configuration2/tree/NodeUpdateData.java
org.apache.commons.configuration2.tree.ConfigurationNodeVisitorAdapter	/home/nima/Desktop/taint-docker/table4/annotator/commons-configuration/src/main/java/org/apache/commons/configuration2/tree/ConfigurationNodeVisitorAdapter.java
org.apache.commons.configuration2.tree.ConfigurationNodeVisitor	/home/nima/Desktop/taint-docker/table4/annotator/commons-configuration/src/main/java/org/apache/commons/configuration2/tree/ConfigurationNodeVisitor.java
org.apache.commons.configuration2.interpol.DefaultLookups	/home/nima/Desktop/taint-docker/table4/annotator/commons-configuration/src/main/java/org/apache/commons/configuration2/interpol/DefaultLookups.java
org.apache.commons.configuration2.tree.xpath.XPathExpressionEngine	/home/nima/Desktop/taint-docker/table4/annotator/commons-configuration/src/main/java/org/apache/commons/configuration2/tree/xpath/XPathExpressionEngine.java
org.apache.commons.configuration2.tree.xpath.XPathContextFactory	/home/nima/Desktop/taint-docker/table4/annotator/commons-configuration/src/main/java/org/apache/commons/configuration2/tree/xpath/XPathContextFactory.java
org.apache.commons.configuration2.beanutils.XMLBeanDeclaration	/home/nima/Desktop/taint-docker/table4/annotator/commons-configuration/src/main/java/org/apache/commons/configuration2/beanutils/XMLBeanDeclaration.java
org.apache.commons.configuration2.beanutils.XMLBeanDeclaration$NodeData	/home/nima/Desktop/taint-docker/table4/annotator/commons-configuration/src/main/java/org/apache/commons/configuration2/beanutils/XMLBeanDeclaration.java
org.apache.commons.configuration2.resolver.EntityRegistry	/home/nima/Desktop/taint-docker/table4/annotator/commons-configuration/src/main/java/org/apache/commons/configuration2/resolver/EntityRegistry.java
org.apache.commons.configuration2.EnvironmentConfiguration	/home/nima/Desktop/taint-docker/table4/annotator/commons-configuration/src/main/java/org/apache/commons/configuration2/EnvironmentConfiguration.java
org.apache.commons.configuration2.MapConfiguration	/home/nima/Desktop/taint-docker/table4/annotator/commons-configuration/src/main/java/org/apache/commons/configuration2/MapConfiguration.java
org.apache.commons.configuration2.resolver.DefaultEntityResolver	/home/nima/Desktop/taint-docker/table4/annotator/commons-configuration/src/main/java/org/apache/commons/configuration2/resolver/DefaultEntityResolver.java
org.apache.commons.configuration2.io.DefaultFileSystem	/home/nima/Desktop/taint-docker/table4/annotator/commons-configuration/src/main/java/org/apache/commons/configuration2/io/DefaultFileSystem.java
org.apache.commons.configuration2.io.DefaultFileSystem$HttpOutputStream	/home/nima/Desktop/taint-docker/table4/annotator/commons-configuration/src/main/java/org/apache/commons/configuration2/io/DefaultFileSystem.java
org.apache.commons.configuration2.io.VerifiableOutputStream	/home/nima/Desktop/taint-docker/table4/annotator/commons-configuration/src/main/java/org/apache/commons/configuration2/io/VerifiableOutputStream.java
org.apache.commons.configuration2.io.ClasspathLocationStrategy	/home/nima/Desktop/taint-docker/table4/annotator/commons-configuration/src/main/java/org/apache/commons/configuration2/io/ClasspathLocationStrategy.java
org.apache.commons.configuration2.ConfigurationLookup	/home/nima/Desktop/taint-docker/table4/annotator/commons-configuration/src/main/java/org/apache/commons/configuration2/ConfigurationLookup.java
org.apache.commons.configuration2.ConfigurationConverter	/home/nima/Desktop/taint-docker/table4/annotator/commons-configuration/src/main/java/org/apache/commons/configuration2/ConfigurationConverter.java
org.apache.commons.configuration2.builder.combined.ReloadingMultiFileConfigurationBuilder	/home/nima/Desktop/taint-docker/table4/annotator/commons-configuration/src/main/java/org/apache/commons/configuration2/builder/combined/ReloadingMultiFileConfigurationBuilder.java
org.apache.commons.configuration2.builder.combined.ReloadingMultiFileConfigurationBuilder$1	/home/nima/Desktop/taint-docker/table4/annotator/commons-configuration/src/main/java/org/apache/commons/configuration2/builder/combined/ReloadingMultiFileConfigurationBuilder.java
org.apache.commons.configuration2.builder.combined.MultiFileConfigurationBuilder	/home/nima/Desktop/taint-docker/table4/annotator/commons-configuration/src/main/java/org/apache/commons/configuration2/builder/combined/MultiFileConfigurationBuilder.java
org.apache.commons.configuration2.builder.BasicConfigurationBuilder	/home/nima/Desktop/taint-docker/table4/annotator/commons-configuration/src/main/java/org/apache/commons/configuration2/builder/BasicConfigurationBuilder.java
org.apache.commons.configuration2.builder.BasicConfigurationBuilder$1	/home/nima/Desktop/taint-docker/table4/annotator/commons-configuration/src/main/java/org/apache/commons/configuration2/builder/BasicConfigurationBuilder.java
org.apache.commons.configuration2.builder.ConfigurationBuilder	/home/nima/Desktop/taint-docker/table4/annotator/commons-configuration/src/main/java/org/apache/commons/configuration2/builder/ConfigurationBuilder.java
org.apache.commons.configuration2.reloading.ReloadingControllerSupport	/home/nima/Desktop/taint-docker/table4/annotator/commons-configuration/src/main/java/org/apache/commons/configuration2/reloading/ReloadingControllerSupport.java
org.apache.commons.configuration2.reloading.ReloadingController	/home/nima/Desktop/taint-docker/table4/annotator/commons-configuration/src/main/java/org/apache/commons/configuration2/reloading/ReloadingController.java
org.apache.commons.configuration2.builder.FileBasedConfigurationBuilder	/home/nima/Desktop/taint-docker/table4/annotator/commons-configuration/src/main/java/org/apache/commons/configuration2/builder/FileBasedConfigurationBuilder.java
org.apache.commons.configuration2.builder.AutoSaveListener	/home/nima/Desktop/taint-docker/table4/annotator/commons-configuration/src/main/java/org/apache/commons/configuration2/builder/AutoSaveListener.java
org.apache.commons.configuration2.io.FileHandlerListenerAdapter	/home/nima/Desktop/taint-docker/table4/annotator/commons-configuration/src/main/java/org/apache/commons/configuration2/io/FileHandlerListenerAdapter.java
org.apache.commons.configuration2.builder.ConfigurationBuilderEvent	/home/nima/Desktop/taint-docker/table4/annotator/commons-configuration/src/main/java/org/apache/commons/configuration2/builder/ConfigurationBuilderEvent.java
org.apache.commons.configuration2.builder.combined.MultiFileBuilderParametersImpl	/home/nima/Desktop/taint-docker/table4/annotator/commons-configuration/src/main/java/org/apache/commons/configuration2/builder/combined/MultiFileBuilderParametersImpl.java
org.apache.commons.configuration2.builder.combined.MultiFileBuilderProperties	/home/nima/Desktop/taint-docker/table4/annotator/commons-configuration/src/main/java/org/apache/commons/configuration2/builder/combined/MultiFileBuilderProperties.java
org.apache.commons.configuration2.builder.ReloadingFileBasedConfigurationBuilder	/home/nima/Desktop/taint-docker/table4/annotator/commons-configuration/src/main/java/org/apache/commons/configuration2/builder/ReloadingFileBasedConfigurationBuilder.java
org.apache.commons.configuration2.builder.ReloadingFileBasedConfigurationBuilder$1	/home/nima/Desktop/taint-docker/table4/annotator/commons-configuration/src/main/java/org/apache/commons/configuration2/builder/ReloadingFileBasedConfigurationBuilder.java
org.apache.commons.configuration2.builder.fluent.INIBuilderParameters	/home/nima/Desktop/taint-docker/table4/annotator/commons-configuration/src/main/java/org/apache/commons/configuration2/builder/fluent/INIBuilderParameters.java
org.apache.commons.configuration2.builder.HierarchicalBuilderProperties	/home/nima/Desktop/taint-docker/table4/annotator/commons-configuration/src/main/java/org/apache/commons/configuration2/builder/HierarchicalBuilderProperties.java
org.apache.commons.configuration2.builder.INIBuilderProperties	/home/nima/Desktop/taint-docker/table4/annotator/commons-configuration/src/main/java/org/apache/commons/configuration2/builder/INIBuilderProperties.java
org.apache.commons.configuration2.builder.fluent.JndiBuilderParameters	/home/nima/Desktop/taint-docker/table4/annotator/commons-configuration/src/main/java/org/apache/commons/configuration2/builder/fluent/JndiBuilderParameters.java
org.apache.commons.configuration2.builder.JndiBuilderProperties	/home/nima/Desktop/taint-docker/table4/annotator/commons-configuration/src/main/java/org/apache/commons/configuration2/builder/JndiBuilderProperties.java
org.apache.commons.configuration2.builder.XMLBuilderProperties	/home/nima/Desktop/taint-docker/table4/annotator/commons-configuration/src/main/java/org/apache/commons/configuration2/builder/XMLBuilderProperties.java
org.apache.commons.configuration2.builder.fluent.DatabaseBuilderParameters	/home/nima/Desktop/taint-docker/table4/annotator/commons-configuration/src/main/java/org/apache/commons/configuration2/builder/fluent/DatabaseBuilderParameters.java
org.apache.commons.configuration2.builder.DatabaseBuilderProperties	/home/nima/Desktop/taint-docker/table4/annotator/commons-configuration/src/main/java/org/apache/commons/configuration2/builder/DatabaseBuilderProperties.java
org.apache.commons.configuration2.builder.PropertiesBuilderParametersImpl	/home/nima/Desktop/taint-docker/table4/annotator/commons-configuration/src/main/java/org/apache/commons/configuration2/builder/PropertiesBuilderParametersImpl.java
org.apache.commons.configuration2.beanutils.DefaultBeanFactory	/home/nima/Desktop/taint-docker/table4/annotator/commons-configuration/src/main/java/org/apache/commons/configuration2/beanutils/DefaultBeanFactory.java
org.apache.commons.configuration2.ex.ConfigurationRuntimeException	/home/nima/Desktop/taint-docker/table4/annotator/commons-configuration/src/main/java/org/apache/commons/configuration2/ex/ConfigurationRuntimeException.java
org.apache.commons.configuration2.JNDIConfiguration	/home/nima/Desktop/taint-docker/table4/annotator/commons-configuration/src/main/java/org/apache/commons/configuration2/JNDIConfiguration.java
org.apache.commons.configuration2.plist.PropertyListParserTokenManager	/home/nima/Desktop/taint-docker/table4/annotator/commons-configuration/target/generated-sources/javacc/org/apache/commons/configuration2/plist/PropertyListParserTokenManager.java
org.apache.commons.configuration2.plist.PropertyListParserConstants	/home/nima/Desktop/taint-docker/table4/annotator/commons-configuration/target/generated-sources/javacc/org/apache/commons/configuration2/plist/PropertyListParserConstants.java
org.apache.commons.configuration2.plist.SimpleCharStream	/home/nima/Desktop/taint-docker/table4/annotator/commons-configuration/target/generated-sources/javacc/org/apache/commons/configuration2/plist/SimpleCharStream.java
org.apache.commons.configuration2.plist.Token	/home/nima/Desktop/taint-docker/table4/annotator/commons-configuration/target/generated-sources/javacc/org/apache/commons/configuration2/plist/Token.java
org.apache.commons.configuration2.builder.BuilderConfigurationWrapperFactory	/home/nima/Desktop/taint-docker/table4/annotator/commons-configuration/src/main/java/org/apache/commons/configuration2/builder/BuilderConfigurationWrapperFactory.java
org.apache.commons.configuration2.builder.BuilderConfigurationWrapperFactory$EventSourceSupport	/home/nima/Desktop/taint-docker/table4/annotator/commons-configuration/src/main/java/org/apache/commons/configuration2/builder/BuilderConfigurationWrapperFactory.java
org.apache.commons.configuration2.builder.BuilderConfigurationWrapperFactory$BuilderConfigurationWrapperInvocationHandler	/home/nima/Desktop/taint-docker/table4/annotator/commons-configuration/src/main/java/org/apache/commons/configuration2/builder/BuilderConfigurationWrapperFactory.java
org.apache.commons.configuration2.ex.ConversionException	/home/nima/Desktop/taint-docker/table4/annotator/commons-configuration/src/main/java/org/apache/commons/configuration2/ex/ConversionException.java
org.apache.commons.configuration2.SubsetConfiguration	/home/nima/Desktop/taint-docker/table4/annotator/commons-configuration/src/main/java/org/apache/commons/configuration2/SubsetConfiguration.java
org.apache.commons.configuration2.SubsetConfiguration$SubsetIterator	/home/nima/Desktop/taint-docker/table4/annotator/commons-configuration/src/main/java/org/apache/commons/configuration2/SubsetConfiguration.java
org.apache.commons.configuration2.HierarchicalConfigurationConverter	/home/nima/Desktop/taint-docker/table4/annotator/commons-configuration/src/main/java/org/apache/commons/configuration2/HierarchicalConfigurationConverter.java
org.apache.commons.configuration2.tree.DefaultConfigurationKey	/home/nima/Desktop/taint-docker/table4/annotator/commons-configuration/src/main/java/org/apache/commons/configuration2/tree/DefaultConfigurationKey.java
org.apache.commons.configuration2.tree.DefaultConfigurationKey$KeyIterator	/home/nima/Desktop/taint-docker/table4/annotator/commons-configuration/src/main/java/org/apache/commons/configuration2/tree/DefaultConfigurationKey.java
org.apache.commons.configuration2.tree.DefaultExpressionEngine	/home/nima/Desktop/taint-docker/table4/annotator/commons-configuration/src/main/java/org/apache/commons/configuration2/tree/DefaultExpressionEngine.java
org.apache.commons.configuration2.tree.DefaultExpressionEngineSymbols	/home/nima/Desktop/taint-docker/table4/annotator/commons-configuration/src/main/java/org/apache/commons/configuration2/tree/DefaultExpressionEngineSymbols.java
org.apache.commons.configuration2.tree.DefaultExpressionEngineSymbols$Builder	/home/nima/Desktop/taint-docker/table4/annotator/commons-configuration/src/main/java/org/apache/commons/configuration2/tree/DefaultExpressionEngineSymbols.java
org.apache.commons.configuration2.ConfigurationUtils	/home/nima/Desktop/taint-docker/table4/annotator/commons-configuration/src/main/java/org/apache/commons/configuration2/ConfigurationUtils.java
org.apache.commons.configuration2.ConfigurationUtils$1	/home/nima/Desktop/taint-docker/table4/annotator/commons-configuration/src/main/java/org/apache/commons/configuration2/ConfigurationUtils.java
org.apache.commons.configuration2.plist.XMLPropertyListConfiguration	/home/nima/Desktop/taint-docker/table4/annotator/commons-configuration/src/main/java/org/apache/commons/configuration2/plist/XMLPropertyListConfiguration.java
org.apache.commons.configuration2.plist.XMLPropertyListConfiguration$XMLPropertyListHandler	/home/nima/Desktop/taint-docker/table4/annotator/commons-configuration/src/main/java/org/apache/commons/configuration2/plist/XMLPropertyListConfiguration.java
org.apache.commons.configuration2.plist.XMLPropertyListConfiguration$PListNodeBuilder	/home/nima/Desktop/taint-docker/table4/annotator/commons-configuration/src/main/java/org/apache/commons/configuration2/plist/XMLPropertyListConfiguration.java
org.apache.commons.configuration2.plist.XMLPropertyListConfiguration$ArrayNodeBuilder	/home/nima/Desktop/taint-docker/table4/annotator/commons-configuration/src/main/java/org/apache/commons/configuration2/plist/XMLPropertyListConfiguration.java
org.apache.commons.configuration2.convert.DefaultListDelimiterHandler	/home/nima/Desktop/taint-docker/table4/annotator/commons-configuration/src/main/java/org/apache/commons/configuration2/convert/DefaultListDelimiterHandler.java
org.apache.commons.configuration2.convert.AbstractListDelimiterHandler	/home/nima/Desktop/taint-docker/table4/annotator/commons-configuration/src/main/java/org/apache/commons/configuration2/convert/AbstractListDelimiterHandler.java
org.apache.commons.configuration2.interpol.StringLookupAdapter	/home/nima/Desktop/taint-docker/table4/annotator/commons-configuration/src/main/java/org/apache/commons/configuration2/interpol/StringLookupAdapter.java
org.apache.commons.configuration2.convert.LegacyListDelimiterHandler	/home/nima/Desktop/taint-docker/table4/annotator/commons-configuration/src/main/java/org/apache/commons/configuration2/convert/LegacyListDelimiterHandler.java
org.apache.commons.configuration2.sync.ReadWriteSynchronizer	/home/nima/Desktop/taint-docker/table4/annotator/commons-configuration/src/main/java/org/apache/commons/configuration2/sync/ReadWriteSynchronizer.java
org.apache.commons.configuration2.spring.ConfigurationPropertySource	/home/nima/Desktop/taint-docker/table4/annotator/commons-configuration/src/main/java/org/apache/commons/configuration2/spring/ConfigurationPropertySource.java
org.apache.commons.configuration2.BaseConfigurationXMLReader	/home/nima/Desktop/taint-docker/table4/annotator/commons-configuration/src/main/java/org/apache/commons/configuration2/BaseConfigurationXMLReader.java
org.apache.commons.configuration2.BaseConfigurationXMLReader$SAXConverter	/home/nima/Desktop/taint-docker/table4/annotator/commons-configuration/src/main/java/org/apache/commons/configuration2/BaseConfigurationXMLReader.java
org.apache.commons.configuration2.ConfigurationXMLReader	/home/nima/Desktop/taint-docker/table4/annotator/commons-configuration/src/main/java/org/apache/commons/configuration2/ConfigurationXMLReader.java
org.apache.commons.configuration2.io.AbsoluteNameLocationStrategy	/home/nima/Desktop/taint-docker/table4/annotator/commons-configuration/src/main/java/org/apache/commons/configuration2/io/AbsoluteNameLocationStrategy.java
org.apache.commons.configuration2.io.FileLocatorUtils	/home/nima/Desktop/taint-docker/table4/annotator/commons-configuration/src/main/java/org/apache/commons/configuration2/io/FileLocatorUtils.java
org.apache.commons.configuration2.resolver.CatalogResolver	/home/nima/Desktop/taint-docker/table4/annotator/commons-configuration/src/main/java/org/apache/commons/configuration2/resolver/CatalogResolver.java
org.apache.commons.configuration2.resolver.CatalogResolver$CatalogManager	/home/nima/Desktop/taint-docker/table4/annotator/commons-configuration/src/main/java/org/apache/commons/configuration2/resolver/CatalogResolver.java
org.apache.commons.configuration2.resolver.CatalogResolver$Catalog	/home/nima/Desktop/taint-docker/table4/annotator/commons-configuration/src/main/java/org/apache/commons/configuration2/resolver/CatalogResolver.java
org.apache.commons.configuration2.interpol.DummyLookup	/home/nima/Desktop/taint-docker/table4/annotator/commons-configuration/src/main/java/org/apache/commons/configuration2/interpol/DummyLookup.java
org.apache.commons.configuration2.convert.DefaultConversionHandler	/home/nima/Desktop/taint-docker/table4/annotator/commons-configuration/src/main/java/org/apache/commons/configuration2/convert/DefaultConversionHandler.java
org.apache.commons.configuration2.convert.DefaultConversionHandler$1	/home/nima/Desktop/taint-docker/table4/annotator/commons-configuration/src/main/java/org/apache/commons/configuration2/convert/DefaultConversionHandler.java
org.apache.commons.configuration2.io.FileUtils	/home/nima/Desktop/taint-docker/table4/annotator/commons-configuration/src/main/java/org/apache/commons/configuration2/io/FileUtils.java
org.apache.commons.configuration2.builder.combined.MultiWrapDynaBean	/home/nima/Desktop/taint-docker/table4/annotator/commons-configuration/src/main/java/org/apache/commons/configuration2/builder/combined/MultiWrapDynaBean.java
org.apache.commons.configuration2.tree.xpath.ConfigurationNodeIteratorAttribute	/home/nima/Desktop/taint-docker/table4/annotator/commons-configuration/src/main/java/org/apache/commons/configuration2/tree/xpath/ConfigurationNodeIteratorAttribute.java
org.apache.commons.configuration2.tree.xpath.ConfigurationNodeIteratorBase	/home/nima/Desktop/taint-docker/table4/annotator/commons-configuration/src/main/java/org/apache/commons/configuration2/tree/xpath/ConfigurationNodeIteratorBase.java
org.apache.commons.configuration2.tree.xpath.ConfigurationNodePointer	/home/nima/Desktop/taint-docker/table4/annotator/commons-configuration/src/main/java/org/apache/commons/configuration2/tree/xpath/ConfigurationNodePointer.java
org.apache.commons.configuration2.io.CombinedLocationStrategy	/home/nima/Desktop/taint-docker/table4/annotator/commons-configuration/src/main/java/org/apache/commons/configuration2/io/CombinedLocationStrategy.java
org.apache.commons.configuration2.FindNodeVisitor	/home/nima/Desktop/taint-docker/table4/annotator/commons-configuration/src/main/java/org/apache/commons/configuration2/FindNodeVisitor.java
org.apache.commons.configuration2.reloading.FileHandlerReloadingDetector	/home/nima/Desktop/taint-docker/table4/annotator/commons-configuration/src/main/java/org/apache/commons/configuration2/reloading/FileHandlerReloadingDetector.java
org.apache.commons.configuration2.builder.fluent.FileBasedBuilderParameters	/home/nima/Desktop/taint-docker/table4/annotator/commons-configuration/src/main/java/org/apache/commons/configuration2/builder/fluent/FileBasedBuilderParameters.java
org.apache.commons.configuration2.builder.ReloadingBuilderSupportListener	/home/nima/Desktop/taint-docker/table4/annotator/commons-configuration/src/main/java/org/apache/commons/configuration2/builder/ReloadingBuilderSupportListener.java
org.apache.commons.configuration2.plist.PropertyListConfiguration	/home/nima/Desktop/taint-docker/table4/annotator/commons-configuration/src/main/java/org/apache/commons/configuration2/plist/PropertyListConfiguration.java
org.apache.commons.configuration2.plist.PropertyListConfiguration$DateComponentParser	/home/nima/Desktop/taint-docker/table4/annotator/commons-configuration/src/main/java/org/apache/commons/configuration2/plist/PropertyListConfiguration.java
org.apache.commons.configuration2.plist.PropertyListConfiguration$DateFieldParser	/home/nima/Desktop/taint-docker/table4/annotator/commons-configuration/src/main/java/org/apache/commons/configuration2/plist/PropertyListConfiguration.java
org.apache.commons.configuration2.plist.PropertyListConfiguration$DateSeparatorParser	/home/nima/Desktop/taint-docker/table4/annotator/commons-configuration/src/main/java/org/apache/commons/configuration2/plist/PropertyListConfiguration.java
org.apache.commons.configuration2.plist.PropertyListConfiguration$DateTimeZoneParser	/home/nima/Desktop/taint-docker/table4/annotator/commons-configuration/src/main/java/org/apache/commons/configuration2/plist/PropertyListConfiguration.java
org.apache.commons.configuration2.plist.ParseException	/home/nima/Desktop/taint-docker/table4/annotator/commons-configuration/target/generated-sources/javacc/org/apache/commons/configuration2/plist/ParseException.java
org.apache.commons.configuration2.SystemConfiguration	/home/nima/Desktop/taint-docker/table4/annotator/commons-configuration/src/main/java/org/apache/commons/configuration2/SystemConfiguration.java
org.apache.commons.configuration2.tree.TreeUtils	/home/nima/Desktop/taint-docker/table4/annotator/commons-configuration/src/main/java/org/apache/commons/configuration2/tree/TreeUtils.java
org.apache.commons.configuration2.io.ProvidedURLLocationStrategy	/home/nima/Desktop/taint-docker/table4/annotator/commons-configuration/src/main/java/org/apache/commons/configuration2/io/ProvidedURLLocationStrategy.java
org.apache.commons.configuration2.builder.fluent.Configurations	/home/nima/Desktop/taint-docker/table4/annotator/commons-configuration/src/main/java/org/apache/commons/configuration2/builder/fluent/Configurations.java
org.apache.commons.configuration2.builder.fluent.Parameters	/home/nima/Desktop/taint-docker/table4/annotator/commons-configuration/src/main/java/org/apache/commons/configuration2/builder/fluent/Parameters.java
org.apache.commons.configuration2.builder.fluent.Parameters$ParametersIfcInvocationHandler	/home/nima/Desktop/taint-docker/table4/annotator/commons-configuration/src/main/java/org/apache/commons/configuration2/builder/fluent/Parameters.java
org.apache.commons.configuration2.XMLConfiguration	/home/nima/Desktop/taint-docker/table4/annotator/commons-configuration/src/main/java/org/apache/commons/configuration2/XMLConfiguration.java
org.apache.commons.configuration2.XMLConfiguration$1	/home/nima/Desktop/taint-docker/table4/annotator/commons-configuration/src/main/java/org/apache/commons/configuration2/XMLConfiguration.java
org.apache.commons.configuration2.XMLConfiguration$XMLBuilderVisitor	/home/nima/Desktop/taint-docker/table4/annotator/commons-configuration/src/main/java/org/apache/commons/configuration2/XMLConfiguration.java
org.apache.commons.configuration2.io.InputStreamSupport	/home/nima/Desktop/taint-docker/table4/annotator/commons-configuration/src/main/java/org/apache/commons/configuration2/io/InputStreamSupport.java
org.apache.commons.configuration2.INIConfiguration	/home/nima/Desktop/taint-docker/table4/annotator/commons-configuration/src/main/java/org/apache/commons/configuration2/INIConfiguration.java
org.apache.commons.configuration2.INIConfiguration$Builder	/home/nima/Desktop/taint-docker/table4/annotator/commons-configuration/src/main/java/org/apache/commons/configuration2/INIConfiguration.java
org.apache.commons.configuration2.INIConfiguration$GlobalSectionNodeModel	/home/nima/Desktop/taint-docker/table4/annotator/commons-configuration/src/main/java/org/apache/commons/configuration2/INIConfiguration.java
org.apache.commons.configuration2.INIConfiguration$GlobalSectionNodeModel$1	/home/nima/Desktop/taint-docker/table4/annotator/commons-configuration/src/main/java/org/apache/commons/configuration2/INIConfiguration.java
org.apache.commons.configuration2.builder.combined.CombinedConfigurationBuilder	/home/nima/Desktop/taint-docker/table4/annotator/commons-configuration/src/main/java/org/apache/commons/configuration2/builder/combined/CombinedConfigurationBuilder.java
org.apache.commons.configuration2.builder.combined.CombinedConfigurationBuilder$ConfigurationSourceData	/home/nima/Desktop/taint-docker/table4/annotator/commons-configuration/src/main/java/org/apache/commons/configuration2/builder/combined/CombinedConfigurationBuilder.java
org.apache.commons.configuration2.CombinedConfiguration	/home/nima/Desktop/taint-docker/table4/annotator/commons-configuration/src/main/java/org/apache/commons/configuration2/CombinedConfiguration.java
org.apache.commons.configuration2.CombinedConfiguration$ConfigData	/home/nima/Desktop/taint-docker/table4/annotator/commons-configuration/src/main/java/org/apache/commons/configuration2/CombinedConfiguration.java
org.apache.commons.configuration2.builder.combined.ConfigurationBuilderProvider	/home/nima/Desktop/taint-docker/table4/annotator/commons-configuration/src/main/java/org/apache/commons/configuration2/builder/combined/ConfigurationBuilderProvider.java
org.apache.commons.configuration2.builder.combined.BaseConfigurationBuilderProvider	/home/nima/Desktop/taint-docker/table4/annotator/commons-configuration/src/main/java/org/apache/commons/configuration2/builder/combined/BaseConfigurationBuilderProvider.java
org.apache.commons.configuration2.builder.combined.MultiFileConfigurationBuilderProvider	/home/nima/Desktop/taint-docker/table4/annotator/commons-configuration/src/main/java/org/apache/commons/configuration2/builder/combined/MultiFileConfigurationBuilderProvider.java
org.apache.commons.configuration2.builder.combined.MultiFileConfigurationBuilderProvider$WrapperBuilder	/home/nima/Desktop/taint-docker/table4/annotator/commons-configuration/src/main/java/org/apache/commons/configuration2/builder/combined/MultiFileConfigurationBuilderProvider.java
org.apache.commons.configuration2.builder.combined.MultiFileConfigurationBuilderProvider$ReloadableWrapperBuilder	/home/nima/Desktop/taint-docker/table4/annotator/commons-configuration/src/main/java/org/apache/commons/configuration2/builder/combined/MultiFileConfigurationBuilderProvider.java
org.apache.commons.configuration2.builder.combined.CombinedBuilderParametersImpl	/home/nima/Desktop/taint-docker/table4/annotator/commons-configuration/src/main/java/org/apache/commons/configuration2/builder/combined/CombinedBuilderParametersImpl.java
org.apache.commons.configuration2.builder.combined.CombinedBuilderProperties	/home/nima/Desktop/taint-docker/table4/annotator/commons-configuration/src/main/java/org/apache/commons/configuration2/builder/combined/CombinedBuilderProperties.java
org.apache.commons.configuration2.builder.XMLBuilderParametersImpl	/home/nima/Desktop/taint-docker/table4/annotator/commons-configuration/src/main/java/org/apache/commons/configuration2/builder/XMLBuilderParametersImpl.java
org.apache.commons.configuration2.builder.HierarchicalBuilderParametersImpl	/home/nima/Desktop/taint-docker/table4/annotator/commons-configuration/src/main/java/org/apache/commons/configuration2/builder/HierarchicalBuilderParametersImpl.java
org.apache.commons.configuration2.builder.combined.ConfigurationDeclaration	/home/nima/Desktop/taint-docker/table4/annotator/commons-configuration/src/main/java/org/apache/commons/configuration2/builder/combined/ConfigurationDeclaration.java
org.apache.commons.configuration2.tree.NodeCombiner	/home/nima/Desktop/taint-docker/table4/annotator/commons-configuration/src/main/java/org/apache/commons/configuration2/tree/NodeCombiner.java
org.apache.commons.configuration2.tree.NodeCombiner$1	/home/nima/Desktop/taint-docker/table4/annotator/commons-configuration/src/main/java/org/apache/commons/configuration2/tree/NodeCombiner.java
org.apache.commons.configuration2.XMLDocumentHelper	/home/nima/Desktop/taint-docker/table4/annotator/commons-configuration/src/main/java/org/apache/commons/configuration2/XMLDocumentHelper.java
org.apache.commons.configuration2.builder.fluent.CombinedBuilderParameters	/home/nima/Desktop/taint-docker/table4/annotator/commons-configuration/src/main/java/org/apache/commons/configuration2/builder/fluent/CombinedBuilderParameters.java
org.apache.commons.configuration2.builder.fluent.HierarchicalBuilderParameters	/home/nima/Desktop/taint-docker/table4/annotator/commons-configuration/src/main/java/org/apache/commons/configuration2/builder/fluent/HierarchicalBuilderParameters.java
org.apache.commons.configuration2.builder.fluent.XMLBuilderParameters	/home/nima/Desktop/taint-docker/table4/annotator/commons-configuration/src/main/java/org/apache/commons/configuration2/builder/fluent/XMLBuilderParameters.java
org.apache.commons.configuration2.builder.fluent.MultiFileBuilderParameters	/home/nima/Desktop/taint-docker/table4/annotator/commons-configuration/src/main/java/org/apache/commons/configuration2/builder/fluent/MultiFileBuilderParameters.java
org.apache.commons.configuration2.io.FileSystemLocationStrategy	/home/nima/Desktop/taint-docker/table4/annotator/commons-configuration/src/main/java/org/apache/commons/configuration2/io/FileSystemLocationStrategy.java
org.apache.commons.configuration2.web.ServletContextConfiguration	/home/nima/Desktop/taint-docker/table4/annotator/commons-configuration/src/main/java/org/apache/commons/configuration2/web/ServletContextConfiguration.java
org.apache.commons.configuration2.web.BaseWebConfiguration	/home/nima/Desktop/taint-docker/table4/annotator/commons-configuration/src/main/java/org/apache/commons/configuration2/web/BaseWebConfiguration.java
org.apache.commons.configuration2.DatabaseConfiguration	/home/nima/Desktop/taint-docker/table4/annotator/commons-configuration/src/main/java/org/apache/commons/configuration2/DatabaseConfiguration.java
org.apache.commons.configuration2.DatabaseConfiguration$1	/home/nima/Desktop/taint-docker/table4/annotator/commons-configuration/src/main/java/org/apache/commons/configuration2/DatabaseConfiguration.java
org.apache.commons.configuration2.DatabaseConfiguration$2	/home/nima/Desktop/taint-docker/table4/annotator/commons-configuration/src/main/java/org/apache/commons/configuration2/DatabaseConfiguration.java
org.apache.commons.configuration2.DatabaseConfiguration$3	/home/nima/Desktop/taint-docker/table4/annotator/commons-configuration/src/main/java/org/apache/commons/configuration2/DatabaseConfiguration.java
org.apache.commons.configuration2.DatabaseConfiguration$4	/home/nima/Desktop/taint-docker/table4/annotator/commons-configuration/src/main/java/org/apache/commons/configuration2/DatabaseConfiguration.java
org.apache.commons.configuration2.DatabaseConfiguration$5	/home/nima/Desktop/taint-docker/table4/annotator/commons-configuration/src/main/java/org/apache/commons/configuration2/DatabaseConfiguration.java
org.apache.commons.configuration2.DatabaseConfiguration$6	/home/nima/Desktop/taint-docker/table4/annotator/commons-configuration/src/main/java/org/apache/commons/configuration2/DatabaseConfiguration.java
org.apache.commons.configuration2.DatabaseConfiguration$7	/home/nima/Desktop/taint-docker/table4/annotator/commons-configuration/src/main/java/org/apache/commons/configuration2/DatabaseConfiguration.java
org.apache.commons.configuration2.DatabaseConfiguration$JdbcOperation	/home/nima/Desktop/taint-docker/table4/annotator/commons-configuration/src/main/java/org/apache/commons/configuration2/DatabaseConfiguration.java
org.apache.commons.configuration2.tree.NodeTreeWalker	/home/nima/Desktop/taint-docker/table4/annotator/commons-configuration/src/main/java/org/apache/commons/configuration2/tree/NodeTreeWalker.java
org.apache.commons.configuration2.interpol.EnvironmentLookup	/home/nima/Desktop/taint-docker/table4/annotator/commons-configuration/src/main/java/org/apache/commons/configuration2/interpol/EnvironmentLookup.java
org.apache.commons.configuration2.reloading.ManagedReloadingDetectorMBean	/home/nima/Desktop/taint-docker/table4/annotator/commons-configuration/src/main/java/org/apache/commons/configuration2/reloading/ManagedReloadingDetectorMBean.java
org.apache.commons.configuration2.tree.xpath.ConfigurationNodeIteratorChildren	/home/nima/Desktop/taint-docker/table4/annotator/commons-configuration/src/main/java/org/apache/commons/configuration2/tree/xpath/ConfigurationNodeIteratorChildren.java
org.apache.commons.configuration2.builder.INIBuilderParametersImpl	/home/nima/Desktop/taint-docker/table4/annotator/commons-configuration/src/main/java/org/apache/commons/configuration2/builder/INIBuilderParametersImpl.java
org.apache.commons.configuration2.builder.ConfigurationBuilderResultCreatedEvent	/home/nima/Desktop/taint-docker/table4/annotator/commons-configuration/src/main/java/org/apache/commons/configuration2/builder/ConfigurationBuilderResultCreatedEvent.java
org.apache.commons.configuration2.io.VFSFileSystem	/home/nima/Desktop/taint-docker/table4/annotator/commons-configuration/src/main/java/org/apache/commons/configuration2/io/VFSFileSystem.java
org.apache.commons.configuration2.io.VFSFileSystem$VFSURLStreamHandler	/home/nima/Desktop/taint-docker/table4/annotator/commons-configuration/src/main/java/org/apache/commons/configuration2/io/VFSFileSystem.java
org.apache.commons.configuration2.reloading.CombinedReloadingController	/home/nima/Desktop/taint-docker/table4/annotator/commons-configuration/src/main/java/org/apache/commons/configuration2/reloading/CombinedReloadingController.java
org.apache.commons.configuration2.reloading.CombinedReloadingController$MultiReloadingControllerDetector	/home/nima/Desktop/taint-docker/table4/annotator/commons-configuration/src/main/java/org/apache/commons/configuration2/reloading/CombinedReloadingController.java
org.apache.commons.configuration2.interpol.ConstantLookup	/home/nima/Desktop/taint-docker/table4/annotator/commons-configuration/src/main/java/org/apache/commons/configuration2/interpol/ConstantLookup.java
org.apache.commons.configuration2.builder.DefaultReloadingDetectorFactory	/home/nima/Desktop/taint-docker/table4/annotator/commons-configuration/src/main/java/org/apache/commons/configuration2/builder/DefaultReloadingDetectorFactory.java
org.apache.commons.configuration2.Initializable	/home/nima/Desktop/taint-docker/table4/annotator/commons-configuration/src/main/java/org/apache/commons/configuration2/Initializable.java
org.apache.commons.configuration2.io.BasePathLocationStrategy	/home/nima/Desktop/taint-docker/table4/annotator/commons-configuration/src/main/java/org/apache/commons/configuration2/io/BasePathLocationStrategy.java
org.apache.commons.configuration2.DynamicCombinedConfiguration	/home/nima/Desktop/taint-docker/table4/annotator/commons-configuration/src/main/java/org/apache/commons/configuration2/DynamicCombinedConfiguration.java
org.apache.commons.configuration2.DynamicCombinedConfiguration$1	/home/nima/Desktop/taint-docker/table4/annotator/commons-configuration/src/main/java/org/apache/commons/configuration2/DynamicCombinedConfiguration.java
org.apache.commons.configuration2.DynamicCombinedConfiguration$ConfigData	/home/nima/Desktop/taint-docker/table4/annotator/commons-configuration/src/main/java/org/apache/commons/configuration2/DynamicCombinedConfiguration.java
org.apache.commons.configuration2.DynamicCombinedConfiguration$CurrentConfigHolder	/home/nima/Desktop/taint-docker/table4/annotator/commons-configuration/src/main/java/org/apache/commons/configuration2/DynamicCombinedConfiguration.java
org.apache.commons.configuration2.builder.combined.ReloadingCombinedConfigurationBuilder	/home/nima/Desktop/taint-docker/table4/annotator/commons-configuration/src/main/java/org/apache/commons/configuration2/builder/combined/ReloadingCombinedConfigurationBuilder.java
org.apache.commons.configuration2.sync.NoOpSynchronizer	/home/nima/Desktop/taint-docker/table4/annotator/commons-configuration/src/main/java/org/apache/commons/configuration2/sync/NoOpSynchronizer.java
org.apache.commons.configuration2.tree.OverrideCombiner	/home/nima/Desktop/taint-docker/table4/annotator/commons-configuration/src/main/java/org/apache/commons/configuration2/tree/OverrideCombiner.java
org.apache.commons.configuration2.io.HomeDirectoryLocationStrategy	/home/nima/Desktop/taint-docker/table4/annotator/commons-configuration/src/main/java/org/apache/commons/configuration2/io/HomeDirectoryLocationStrategy.java
org.apache.commons.configuration2.convert.PropertyConverter	/home/nima/Desktop/taint-docker/table4/annotator/commons-configuration/src/main/java/org/apache/commons/configuration2/convert/PropertyConverter.java
org.apache.commons.configuration2.reloading.ReloadingEvent	/home/nima/Desktop/taint-docker/table4/annotator/commons-configuration/src/main/java/org/apache/commons/configuration2/reloading/ReloadingEvent.java
org.apache.commons.configuration2.DataConfiguration	/home/nima/Desktop/taint-docker/table4/annotator/commons-configuration/src/main/java/org/apache/commons/configuration2/DataConfiguration.java
org.apache.commons.configuration2.DataConfiguration$DataConversionHandler	/home/nima/Desktop/taint-docker/table4/annotator/commons-configuration/src/main/java/org/apache/commons/configuration2/DataConfiguration.java
org.apache.commons.configuration2.plist.PropertyListParser	/home/nima/Desktop/taint-docker/table4/annotator/commons-configuration/target/generated-sources/javacc/org/apache/commons/configuration2/plist/PropertyListParser.java
org.apache.commons.configuration2.plist.PropertyListParser$LookaheadSuccess	/home/nima/Desktop/taint-docker/table4/annotator/commons-configuration/target/generated-sources/javacc/org/apache/commons/configuration2/plist/PropertyListParser.java
org.apache.commons.configuration2.plist.PropertyListParser$JJCalls	/home/nima/Desktop/taint-docker/table4/annotator/commons-configuration/target/generated-sources/javacc/org/apache/commons/configuration2/plist/PropertyListParser.java
org.apache.commons.configuration2.CompositeConfiguration	/home/nima/Desktop/taint-docker/table4/annotator/commons-configuration/src/main/java/org/apache/commons/configuration2/CompositeConfiguration.java
org.apache.commons.configuration2.HierarchicalConfigurationXMLReader	/home/nima/Desktop/taint-docker/table4/annotator/commons-configuration/src/main/java/org/apache/commons/configuration2/HierarchicalConfigurationXMLReader.java
org.apache.commons.configuration2.HierarchicalConfigurationXMLReader$SAXVisitor	/home/nima/Desktop/taint-docker/table4/annotator/commons-configuration/src/main/java/org/apache/commons/configuration2/HierarchicalConfigurationXMLReader.java
org.apache.commons.configuration2.tree.MergeCombiner	/home/nima/Desktop/taint-docker/table4/annotator/commons-configuration/src/main/java/org/apache/commons/configuration2/tree/MergeCombiner.java
org.apache.commons.configuration2.builder.combined.MultiWrapDynaClass	/home/nima/Desktop/taint-docker/table4/annotator/commons-configuration/src/main/java/org/apache/commons/configuration2/builder/combined/MultiWrapDynaClass.java
org.apache.commons.configuration2.JSONConfiguration	/home/nima/Desktop/taint-docker/table4/annotator/commons-configuration/src/main/java/org/apache/commons/configuration2/JSONConfiguration.java
org.apache.commons.configuration2.AbstractYAMLBasedConfiguration	/home/nima/Desktop/taint-docker/table4/annotator/commons-configuration/src/main/java/org/apache/commons/configuration2/AbstractYAMLBasedConfiguration.java
org.apache.commons.configuration2.builder.combined.CombinedConfigurationBuilderProvider	/home/nima/Desktop/taint-docker/table4/annotator/commons-configuration/src/main/java/org/apache/commons/configuration2/builder/combined/CombinedConfigurationBuilderProvider.java
org.apache.commons.configuration2.resolver.EntityResolverSupport	/home/nima/Desktop/taint-docker/table4/annotator/commons-configuration/src/main/java/org/apache/commons/configuration2/resolver/EntityResolverSupport.java
org.apache.commons.configuration2.reloading.VFSFileHandlerReloadingDetector	/home/nima/Desktop/taint-docker/table4/annotator/commons-configuration/src/main/java/org/apache/commons/configuration2/reloading/VFSFileHandlerReloadingDetector.java
org.apache.commons.configuration2.reloading.ManagedReloadingDetector	/home/nima/Desktop/taint-docker/table4/annotator/commons-configuration/src/main/java/org/apache/commons/configuration2/reloading/ManagedReloadingDetector.java
org.apache.commons.configuration2.web.ServletConfiguration	/home/nima/Desktop/taint-docker/table4/annotator/commons-configuration/src/main/java/org/apache/commons/configuration2/web/ServletConfiguration.java
org.apache.commons.configuration2.interpol.SystemPropertiesLookup	/home/nima/Desktop/taint-docker/table4/annotator/commons-configuration/src/main/java/org/apache/commons/configuration2/interpol/SystemPropertiesLookup.java
org.apache.commons.configuration2.builder.combined.FileExtensionConfigurationBuilderProvider	/home/nima/Desktop/taint-docker/table4/annotator/commons-configuration/src/main/java/org/apache/commons/configuration2/builder/combined/FileExtensionConfigurationBuilderProvider.java
org.apache.commons.configuration2.ConfigurationComparator	/home/nima/Desktop/taint-docker/table4/annotator/commons-configuration/src/main/java/org/apache/commons/configuration2/ConfigurationComparator.java
org.apache.commons.configuration2.ImmutableConfigurationInvocationHandler	/home/nima/Desktop/taint-docker/table4/annotator/commons-configuration/src/main/java/org/apache/commons/configuration2/ImmutableConfigurationInvocationHandler.java
org.apache.commons.configuration2.ImmutableConfigurationInvocationHandler$ImmutableIterator	/home/nima/Desktop/taint-docker/table4/annotator/commons-configuration/src/main/java/org/apache/commons/configuration2/ImmutableConfigurationInvocationHandler.java
org.apache.commons.configuration2.web.AppletConfiguration	/home/nima/Desktop/taint-docker/table4/annotator/commons-configuration/src/main/java/org/apache/commons/configuration2/web/AppletConfiguration.java
org.apache.commons.configuration2.builder.DatabaseBuilderParametersImpl	/home/nima/Desktop/taint-docker/table4/annotator/commons-configuration/src/main/java/org/apache/commons/configuration2/builder/DatabaseBuilderParametersImpl.java
org.apache.commons.configuration2.beanutils.ConfigurationDynaBean	/home/nima/Desktop/taint-docker/table4/annotator/commons-configuration/src/main/java/org/apache/commons/configuration2/beanutils/ConfigurationDynaBean.java
org.apache.commons.configuration2.ConfigurationMap	/home/nima/Desktop/taint-docker/table4/annotator/commons-configuration/src/main/java/org/apache/commons/configuration2/ConfigurationMap.java
org.apache.commons.configuration2.ConfigurationMap$ConfigurationSet	/home/nima/Desktop/taint-docker/table4/annotator/commons-configuration/src/main/java/org/apache/commons/configuration2/ConfigurationMap.java
org.apache.commons.configuration2.ConfigurationMap$ConfigurationSet$Entry	/home/nima/Desktop/taint-docker/table4/annotator/commons-configuration/src/main/java/org/apache/commons/configuration2/ConfigurationMap.java
org.apache.commons.configuration2.ConfigurationMap$ConfigurationSet$ConfigurationSetIterator	/home/nima/Desktop/taint-docker/table4/annotator/commons-configuration/src/main/java/org/apache/commons/configuration2/ConfigurationMap.java
org.apache.commons.configuration2.interpol.ExprLookup	/home/nima/Desktop/taint-docker/table4/annotator/commons-configuration/src/main/java/org/apache/commons/configuration2/interpol/ExprLookup.java
org.apache.commons.configuration2.interpol.ExprLookup$Variables	/home/nima/Desktop/taint-docker/table4/annotator/commons-configuration/src/main/java/org/apache/commons/configuration2/interpol/ExprLookup.java
org.apache.commons.configuration2.interpol.ExprLookup$Variable	/home/nima/Desktop/taint-docker/table4/annotator/commons-configuration/src/main/java/org/apache/commons/configuration2/interpol/ExprLookup.java
org.apache.commons.configuration2.builder.EventListenerParameters	/home/nima/Desktop/taint-docker/table4/annotator/commons-configuration/src/main/java/org/apache/commons/configuration2/builder/EventListenerParameters.java
org.apache.commons.configuration2.builder.EventListenerProvider	/home/nima/Desktop/taint-docker/table4/annotator/commons-configuration/src/main/java/org/apache/commons/configuration2/builder/EventListenerProvider.java
org.apache.commons.configuration2.convert.DisabledListDelimiterHandler	/home/nima/Desktop/taint-docker/table4/annotator/commons-configuration/src/main/java/org/apache/commons/configuration2/convert/DisabledListDelimiterHandler.java
org.apache.commons.configuration2.builder.JndiBuilderParametersImpl	/home/nima/Desktop/taint-docker/table4/annotator/commons-configuration/src/main/java/org/apache/commons/configuration2/builder/JndiBuilderParametersImpl.java
org.apache.commons.configuration2.StrictConfigurationComparator	/home/nima/Desktop/taint-docker/table4/annotator/commons-configuration/src/main/java/org/apache/commons/configuration2/StrictConfigurationComparator.java
org.apache.commons.configuration2.reloading.PeriodicReloadingTrigger	/home/nima/Desktop/taint-docker/table4/annotator/commons-configuration/src/main/java/org/apache/commons/configuration2/reloading/PeriodicReloadingTrigger.java
org.apache.commons.configuration2.tree.NodeNameMatchers	/home/nima/Desktop/taint-docker/table4/annotator/commons-configuration/src/main/java/org/apache/commons/configuration2/tree/NodeNameMatchers.java
org.apache.commons.configuration2.tree.NodeNameMatchers$1	/home/nima/Desktop/taint-docker/table4/annotator/commons-configuration/src/main/java/org/apache/commons/configuration2/tree/NodeNameMatchers.java
org.apache.commons.configuration2.tree.NodeNameMatchers$2	/home/nima/Desktop/taint-docker/table4/annotator/commons-configuration/src/main/java/org/apache/commons/configuration2/tree/NodeNameMatchers.java
org.apache.commons.configuration2.spring.ConfigurationPropertiesFactoryBean	/home/nima/Desktop/taint-docker/table4/annotator/commons-configuration/src/main/java/org/apache/commons/configuration2/spring/ConfigurationPropertiesFactoryBean.java
org.apache.commons.configuration2.YAMLConfiguration	/home/nima/Desktop/taint-docker/table4/annotator/commons-configuration/src/main/java/org/apache/commons/configuration2/YAMLConfiguration.java
org.apache.commons.configuration2.web.ServletRequestConfiguration	/home/nima/Desktop/taint-docker/table4/annotator/commons-configuration/src/main/java/org/apache/commons/configuration2/web/ServletRequestConfiguration.java
org.apache.commons.configuration2.web.ServletFilterConfiguration	/home/nima/Desktop/taint-docker/table4/annotator/commons-configuration/src/main/java/org/apache/commons/configuration2/web/ServletFilterConfiguration.java
org.apache.commons.configuration2.PrefixedKeysIterator	/home/nima/Desktop/taint-docker/table4/annotator/commons-configuration/src/main/java/org/apache/commons/configuration2/PrefixedKeysIterator.java
org.apache.commons.configuration2.tree.xpath.ConfigurationNodePointerFactory	/home/nima/Desktop/taint-docker/table4/annotator/commons-configuration/src/main/java/org/apache/commons/configuration2/tree/xpath/ConfigurationNodePointerFactory.java
org.apache.commons.configuration2.tree.xpath.ConfigurationNodePointerFactory$NodeWrapper	/home/nima/Desktop/taint-docker/table4/annotator/commons-configuration/src/main/java/org/apache/commons/configuration2/tree/xpath/ConfigurationNodePointerFactory.java
org.apache.commons.configuration2.tree.NodeHandlerDecorator	/home/nima/Desktop/taint-docker/table4/annotator/commons-configuration/src/main/java/org/apache/commons/configuration2/tree/NodeHandlerDecorator.java
org.apache.commons.configuration2.tree.UnionCombiner	/home/nima/Desktop/taint-docker/table4/annotator/commons-configuration/src/main/java/org/apache/commons/configuration2/tree/UnionCombiner.java
org.apache.commons.configuration2.tree.TrackedNodeHandler	/home/nima/Desktop/taint-docker/table4/annotator/commons-configuration/src/main/java/org/apache/commons/configuration2/tree/TrackedNodeHandler.java
org.apache.commons.configuration2.XMLListReference	/home/nima/Desktop/taint-docker/table4/annotator/commons-configuration/src/main/java/org/apache/commons/configuration2/XMLListReference.java
org.apache.commons.configuration2.plist.TokenMgrError	/home/nima/Desktop/taint-docker/table4/annotator/commons-configuration/target/generated-sources/javacc/org/apache/commons/configuration2/plist/TokenMgrError.java
org.apache.commons.configuration2.beanutils.CombinedBeanDeclaration	/home/nima/Desktop/taint-docker/table4/annotator/commons-configuration/src/main/java/org/apache/commons/configuration2/beanutils/CombinedBeanDeclaration.java
org.apache.commons.configuration2.XMLPropertiesConfiguration	/home/nima/Desktop/taint-docker/table4/annotator/commons-configuration/src/main/java/org/apache/commons/configuration2/XMLPropertiesConfiguration.java
org.apache.commons.configuration2.XMLPropertiesConfiguration$XMLPropertiesHandler	/home/nima/Desktop/taint-docker/table4/annotator/commons-configuration/src/main/java/org/apache/commons/configuration2/XMLPropertiesConfiguration.java
org.apache.commons.configuration2.tree.xpath.ConfigurationAttributePointer	/home/nima/Desktop/taint-docker/table4/annotator/commons-configuration/src/main/java/org/apache/commons/configuration2/tree/xpath/ConfigurationAttributePointer.java
org.apache.commons.configuration2.builder.CopyObjectDefaultHandler	/home/nima/Desktop/taint-docker/table4/annotator/commons-configuration/src/main/java/org/apache/commons/configuration2/builder/CopyObjectDefaultHandler.java
org.apache.commons.configuration2.beanutils.ConfigurationDynaClass	/home/nima/Desktop/taint-docker/table4/annotator/commons-configuration/src/main/java/org/apache/commons/configuration2/beanutils/ConfigurationDynaClass.java
